year,month,wind_mean,precip_mm_mean,precip_mmh_mean,rh_mean,tair_k_mean,qair_kgkg_mean,lwnet_wm2_mean,soilm_surface_kgm2_mean,soilm_total_kgm2_mean,wind_anom_mean,precip_anom_mean,rh_anom_mean,qair_anom_mean,tair_anom_mean,lwnet_anom_mean,soilm_surface_anom_mean,fire_detections
2000,11,3.7807105,15.613931,0.021686014,40.285564,293.919,0.006894636,-96.4953,23.992184,654.07214,0.14639804,-9.293376,-11.799235,-0.0016958832,1.0203606,-11.025488,-2.8165083,50
2000,12,3.940721,7.4128184,0.009963466,31.239573,290.90814,0.0044506276,-109.262184,20.303776,614.43054,0.06653927,-2.0908082,-15.921611,-0.002124589,0.8922744,-16.595112,-2.218427,175
2001,1,4.082502,9.388291,0.012618672,33.93826,289.63168,0.0047389376,-106.66332,19.598595,587.58704,0.0646613,-3.1461382,-9.74016,-0.0009933714,0.5254107,-10.147787,-1.1265204,267
2001,2,4.2476697,8.773135,0.013055261,27.716434,292.93726,0.004446404,-120.156265,18.065863,563.91364,0.032973696,-6.662726,-11.624022,-0.0014785101,1.0065299,-17.05371,-2.0164082,1269
2001,3,4.258088,17.329584,0.02329245,30.10543,296.35046,0.0060459715,-115.73078,18.208536,549.9129,-0.0009622384,-3.6993737,-5.1211734,-0.00059485517,0.22933482,-5.008295,-1.0997947,2747
2001,4,4.385371,34.684452,0.048172854,33.99348,299.62985,0.00782161,-113.93928,20.386808,549.43756,-0.09608527,-2.0697765,-1.1628678,-0.0003308816,-0.40036792,-1.6783547,-0.06498156,1196
2001,5,5.4301047,56.807148,0.07635369,41.252888,302.1522,0.011185488,-102.90401,21.196533,560.02216,0.34759128,-4.9292192,1.0387404,0.0007082732,0.16484696,1.1272782,-0.63032675,318
2001,6,5.8389235,177.18806,0.24609452,62.55546,299.5835,0.014960843,-70.28603,28.583895,608.7549,0.3034577,17.714258,6.5227113,0.00082604866,-1.2969793,6.793561,1.205808,20
2001,7,6.0038643,261.82193,0.35191116,73.19952,298.52274,0.016477782,-54.90121,33.630356,696.5781,0.32998553,-13.082051,1.567053,5.1940217e-05,-0.38505313,1.750827,0.051180445,13
2001,8,5.1018314,211.10127,0.28373826,74.19229,298.1276,0.01632527,-53.7704,35.396706,751.6243,-0.09884395,-45.038948,-1.7330976,-0.00030902782,0.04748027,-2.6100676,-0.60336226,11
2001,9,3.7518015,121.39168,0.16859953,64.14116,297.95535,0.013964745,-65.182335,31.77554,733.11334,-0.5191042,-58.874866,-8.02967,-0.0013620774,0.5266616,-8.909151,-3.9339943,10
2001,10,3.6426818,111.144554,0.14938785,58.233253,296.44525,0.011655675,-74.46041,31.987526,730.31,0.15441327,31.632223,-1.1422282,3.480906e-05,0.48597032,-0.9077479,-0.04696458,7
2001,11,3.6652627,20.672121,0.028711276,47.886147,293.46423,0.008128123,-90.657166,26.151705,677.66187,0.030950082,-4.235188,-4.198646,-0.00046239537,0.56562215,-5.187364,-0.6569848,34
2001,12,3.7812164,7.0113387,0.009423843,39.782192,290.50388,0.00555899,-99.11145,21.765203,632.64886,-0.09296547,-2.4922876,-7.378994,-0.0010162266,0.4880373,-6.444376,-0.7569993,115
2002,1,3.9763954,11.347205,0.01525162,41.84185,289.34714,0.0057117674,-98.53342,20.257196,601.994,-0.041445315,-1.1872247,-1.8365709,-2.0541605e-05,0.24088326,-2.0178761,-0.46792164,151
2002,2,4.2963877,13.900825,0.020685751,37.844406,291.73602,0.0057914853,-104.794136,20.020033,580.0254,0.081691295,-1.5350367,-1.4960495,-0.00013342894,-0.1947142,-1.6915796,-0.06223782,521
2002,3,4.194195,16.144224,0.021699227,30.616865,296.6801,0.006007661,-117.00753,18.61322,560.5111,-0.064855725,-4.884731,-4.60974,-0.00063316553,0.55897236,-6.285034,-0.69511074,1331
2002,4,4.6451344,33.558147,0.046608545,31.306652,300.63824,0.0074254195,-120.16008,19.78433,556.15643,0.16367854,-3.1960785,-3.849695,-0.0007270727,0.6080574,-7.899153,-0.66745985,877
2002,5,5.754417,62.80853,0.08442006,38.05299,302.63635,0.010304239,-109.686,20.981476,563.2893,0.6719036,1.0721598,-2.161162,-0.00017297678,0.6490181,-5.6547103,-0.8453855,728
2002,6,5.3614883,150.94173,0.20964126,54.360973,301.19772,0.01395873,-80.45773,27.27727,597.25946,-0.17397715,-8.532078,-1.6717767,-0.00017606569,0.31723097,-3.3781412,-0.10082071,48
2002,7,6.2952304,136.19891,0.18306307,60.72501,300.1979,0.014722776,-70.996864,27.661467,642.9371,0.62135184,-138.70503,-10.907454,-0.0017030649,1.2901312,-14.3448305,-5.917707,16
2002,8,5.463445,247.1987,0.3322563,71.19572,298.49158,0.0157977,-55.592506,33.153847,699.93713,0.2627701,-8.941539,-4.729674,-0.0008365982,0.4115017,-4.4321733,-2.8462222,14
2002,9,4.4830823,124.223946,0.17253324,66.80902,297.34518,0.014044879,-65.45785,32.326397,721.1374,0.21217608,-56.042595,-5.3618093,-0.0012819434,-0.08352299,-9.184672,-3.3831396,8
2002,10,3.5018628,70.76178,0.095109925,52.685295,296.5017,0.010502706,-82.83225,28.361391,682.1022,0.013594065,-8.750547,-6.6901903,-0.00111816,0.54241,-9.279582,-3.6730986,69
2002,11,3.623603,20.404652,0.02833979,42.623547,293.64764,0.0073045692,-93.52455,24.322807,644.8841,-0.010709669,-4.5026565,-9.461246,-0.0012859502,0.7490482,-8.054744,-2.485883,173
2002,12,3.7449849,4.89209,0.006575389,39.2993,291.0991,0.005726297,-99.16562,20.342978,604.36975,-0.12919661,-4.6115365,-7.861884,-0.00084891875,1.0832534,-6.498539,-2.1792262,354
2003,1,4.0170913,9.238904,0.012417882,37.444004,289.64606,0.005215335,-101.71151,19.074095,577.6284,-0.00074944046,-3.2955272,-6.2344112,-0.0005169738,0.5397865,-5.1959743,-1.6510236,1361
2003,2,4.25604,21.159525,0.031487387,44.082756,291.98514,0.0068557733,-98.154785,20.155294,562.37787,0.041344203,5.7236633,4.742297,0.00093085895,0.054423675,4.9477673,0.07302401,1527
2003,3,4.3437195,21.865995,0.02938978,35.813488,295.60516,0.0065338355,-112.37721,19.331362,551.8577,0.084669285,0.8370399,0.5868843,-0.000106990985,-0.5159885,-1.6547242,0.023030376,10092
2003,4,4.562748,32.829872,0.04559705,33.59964,300.53384,0.00798214,-116.00544,19.912132,548.82745,0.08129174,-3.9243534,-1.5567067,-0.00017035127,0.50366247,-3.7445207,-0.53965926,6365
2003,5,5.397861,39.145996,0.052615587,33.956642,302.01395,0.008703289,-116.69345,20.287693,553.76215,0.3153477,-22.590372,-6.2575097,-0.0017739257,0.026617471,-12.662172,-1.5391712,1971
2003,6,5.837361,147.71379,0.20515804,51.077362,301.5324,0.013396088,-83.43123,25.190973,575.8379,0.30189532,-11.76001,-4.955389,-0.0007387064,0.65190953,-6.351632,-2.1871178,663
2003,7,5.302667,272.11688,0.36574852,73.626335,298.67307,0.016816098,-54.40955,34.307343,672.1702,-0.37121153,-2.7870502,1.9938711,0.00039025684,-0.23472072,2.2424822,0.7281668,30
2003,8,5.1482224,217.00864,0.29167828,76.39145,298.07513,0.01677931,-51.19573,35.026154,737.2254,-0.05245264,-39.131596,0.4660525,0.00014500994,-0.00495535,-0.035396054,-0.97391605,4
2003,9,4.5705934,175.99341,0.2444353,74.33367,297.34607,0.015712164,-53.657303,34.586807,752.1497,0.29968715,-4.2731233,2.1628351,0.00038534173,-0.082655236,2.6158807,-1.1227325,14
2003,10,3.658434,99.61923,0.13389683,59.699768,295.64972,0.011571016,-75.111725,32.202923,740.36285,0.17016502,20.106909,0.32427907,-4.9849234e-05,-0.3095846,-1.5590547,0.16843297,13
2003,11,3.6037157,17.172441,0.023850614,50.86172,292.61234,0.008360736,-89.63825,27.213524,690.89453,-0.030597104,-7.734865,-1.223076,-0.00022978334,-0.28629217,-4.1684513,0.4048325,80
2003,12,3.953747,7.3213525,0.009840527,49.962128,289.68732,0.006712902,-91.96796,22.568565,644.1523,0.079565495,-2.182274,2.8009462,0.00013768535,-0.3285306,0.6991203,0.046361744,228
2004,1,3.9224072,14.524036,0.019521555,48.8648,288.8777,0.00626707,-92.07736,21.039206,612.46796,-0.09543343,1.9896059,5.186382,0.0005347612,-0.22859026,4.4381776,0.314089,623
2004,2,4.0151596,8.034092,0.011543236,36.084538,291.6751,0.0054002614,-110.809105,20.226501,587.1523,-0.1995363,-7.40177,-3.2559175,-0.0005246534,-0.25560725,-7.7065477,0.14422958,2963
2004,3,4.3944893,9.8334875,0.013217054,27.913784,297.92474,0.0057236087,-125.69119,17.570797,560.7428,0.13543859,-11.195468,-7.31282,-0.00091721764,1.8036038,-14.968703,-1.7375343,19619
2004,4,4.750502,53.58602,0.07442503,35.37137,300.62634,0.008542148,-112.189224,20.787697,564.1567,0.26904604,16.831789,0.21502088,0.00038965658,0.5961176,0.071693316,0.3359067,3239
2004,5,5.3008914,74.72089,0.10043131,43.465588,301.28427,0.011065898,-100.73808,22.25843,576.2053,0.21837802,12.984527,3.2514403,0.00058868417,-0.70305204,3.2931995,0.4315691,1375
2004,6,5.9588847,159.40546,0.22139648,57.4279,300.35806,0.014153881,-77.28862,27.284729,616.5275,0.42341843,-0.068338834,1.3951488,1.9085766e-05,-0.522424,-0.20902744,-0.09336365,103
2004,7,5.407014,239.68887,0.32216245,68.84782,298.91187,0.015692784,-60.772022,32.006535,676.8659,-0.2668648,-35.215084,-2.7846508,-0.0007330572,0.0041013304,-4.119985,-1.5726386,15
2004,8,5.7901425,237.81189,0.3196396,76.17868,297.8427,0.016544696,-52.06444,35.344387,745.9269,0.58946776,-18.32835,0.2532862,-8.960391e-05,-0.23735346,-0.9041049,-0.6556821,8
2004,9,3.9481368,143.30733,0.19903795,68.171745,297.63617,0.014661338,-60.236687,33.31239,739.36456,-0.32276914,-36.959206,-3.9990847,-0.000665485,0.20743853,-3.9635024,-2.397146,16
2004,10,3.45926,80.72332,0.108499095,59.750706,295.1588,0.011190131,-73.14237,31.991646,727.6807,-0.029008813,1.2109915,0.37522197,-0.00043073398,-0.8004715,0.410292,-0.042844366,70
2004,11,3.4992826,18.93957,0.026304958,47.35112,293.07553,0.007828993,-89.10724,25.33193,669.4574,-0.13502994,-5.967737,-4.733673,-0.00076152605,0.17689547,-3.6374295,-1.47676,189
2004,12,3.8691347,4.5574613,0.00612562,43.407795,290.5487,0.0061340122,-96.960915,20.8914,623.8909,-0.0050472533,-4.946165,-3.753391,-0.00044120403,0.5328627,-4.2938485,-1.6308054,448
2005,1,4.0448923,16.408024,0.022053795,46.029247,289.02606,0.006018486,-92.69706,20.01289,594.1371,0.02705169,3.8735933,2.350829,0.0002861766,-0.080220886,3.8184803,-0.71222675,710
2005,2,4.5030746,16.611485,0.024719473,43.010265,291.64636,0.006368371,-99.18435,20.886522,577.0043,0.28837872,1.1756237,3.6698132,0.00044345693,-0.2843466,3.9182036,0.8042537,3587
2005,3,4.243725,28.830898,0.038751207,39.251934,296.3909,0.007541902,-105.597046,19.990946,562.3761,-0.015325894,7.8019433,4.0253286,0.0009010755,0.2697633,5.1254354,0.68261456,7444
2005,4,4.318708,38.94663,0.05409254,34.17415,299.23422,0.00763674,-113.134674,20.455929,560.76776,-0.16274801,2.1924033,-0.9821976,-0.00051575206,-0.795995,-0.8737439,0.004139601,7538
2005,5,4.743961,53.75808,0.072255485,38.790356,301.39575,0.009678486,-107.089134,21.523388,565.6544,-0.33855182,-7.9782906,-1.4237959,-0.00079872896,-0.59159297,-3.0578563,-0.30347317,1365
2005,6,5.5188837,123.788795,0.1719289,48.861122,302.04276,0.012978312,-86.42769,25.054195,584.3302,-0.016582226,-35.684994,-7.1716266,-0.0011564821,1.1622912,-9.348095,-2.3238926,818
2005,7,5.7269297,313.40503,0.42124334,74.13489,298.5534,0.016706416,-54.378773,34.31509,687.58356,0.053050622,38.501083,2.5024269,0.0002805762,-0.35437727,2.273265,0.73591775,7
2005,8,5.326608,200.83492,0.2699394,73.483574,298.25784,0.016203914,-55.576057,34.631706,751.19574,0.12593293,-55.305313,-2.4418159,-0.0004303864,0.17773303,-4.4157214,-1.3683612,6
2005,9,4.673252,197.80319,0.27472666,72.51199,297.6709,0.015660051,-54.687794,35.776608,763.98193,0.4023466,17.536654,0.34116313,0.00033322847,0.24217907,1.585388,0.06707058,12
2005,10,3.5547345,115.14075,0.15475906,60.853,295.69354,0.011799251,-73.20284,32.260685,740.71027,0.06646578,35.628407,1.4775125,0.00017838475,-0.26578066,0.3498242,0.22619203,27
2005,11,3.5748649,26.104515,0.036256272,47.840603,292.04788,0.0074349414,-92.138275,27.375868,704.587,-0.059447803,1.1972065,-4.244193,-0.0011555782,-0.8506966,-6.668479,0.56717557,165
2005,12,3.7477286,9.809149,0.01318434,42.88641,289.5386,0.005976533,-96.28279,22.962473,657.5934,-0.12645313,0.3055214,-4.274773,-0.00059868256,-0.4772313,-3.6157146,0.4402685,591
2006,1,4.1984687,10.202515,0.013713057,39.76662,289.47736,0.0052185166,-100.45622,20.775944,620.6715,0.18062842,-2.3319154,-3.9118028,-0.00051379297,0.37107408,-3.9406824,0.05082675,1342
2006,2,3.9609897,9.917416,0.014758059,33.230724,294.42307,0.005447831,-110.72177,18.954666,589.07776,-0.2537064,-5.518446,-6.10973,-0.0004770835,2.4923687,-7.619221,-1.127606,4121
2006,3,4.0342026,24.814568,0.03335291,38.246494,295.42007,0.0072091483,-106.30764,20.30633,573.9874,-0.22484781,3.7856112,3.0198884,0.00056832226,-0.7010716,4.4148493,0.9979968,16378
2006,4,4.349871,34.836693,0.048384294,33.65878,299.8016,0.007862546,-114.775986,20.090145,568.1775,-0.13158461,-1.9175334,-1.4975669,-0.0002899464,-0.22859813,-2.5150638,-0.36164623,3808
2006,5,4.91668,74.61479,0.100288704,43.16584,302.0112,0.011487366,-98.913025,22.195164,572.1042,-0.16583312,12.878424,2.9516902,0.0010101512,0.023865316,5.1182504,0.36830044,978
2006,6,4.9728866,165.39062,0.22970921,57.24659,300.19495,0.014048736,-76.70282,27.717983,618.955,-0.56257915,5.9168334,1.2138453,-8.6057975e-05,-0.6855225,0.3767771,0.33989567,111
2006,7,6.2422833,269.83145,0.36267674,72.35115,298.86725,0.016585214,-56.076893,33.403435,698.6838,0.5684044,-5.0724683,0.71868545,0.00015937281,-0.040551536,0.5751418,-0.17573805,35
2006,8,5.870946,263.47873,0.3541381,77.29077,297.78864,0.016603664,-49.93144,36.10719,765.0223,0.67027116,7.3385296,1.3653812,-3.063477e-05,-0.2914642,1.2289,0.10711869,18
2006,9,4.22849,181.85957,0.25258273,72.35285,297.38818,0.015340169,-56.383835,35.800114,769.2592,-0.042415757,1.5930352,0.18202102,1.3345591e-05,-0.04050363,-0.11065449,0.090577625,10
2006,10,3.4408338,60.912872,0.081872135,59.257168,296.29904,0.011850272,-73.511765,31.290535,726.6289,-0.047435135,-18.599457,-0.11831597,0.00022940712,0.3397381,0.040900648,-0.7439549,57
2006,11,3.4428551,35.71028,0.049597614,56.053925,292.86584,0.009224946,-79.41467,27.502365,685.39105,-0.19145769,10.802974,3.96913,0.0006344269,-0.032768413,6.055137,0.69367176,69
2006,12,3.954047,7.8273773,0.010520669,49.21447,290.1156,0.0068971063,-91.61514,22.44572,642.0805,0.07986509,-1.6762493,2.053287,0.0003218901,0.099773355,1.051928,-0.076483205,314
2007,1,3.9582157,5.3034415,0.0071282815,37.54848,289.63647,0.0051528327,-102.82621,19.52055,606.4049,-0.05962483,-7.230989,-6.1299386,-0.0005794761,0.53019977,-6.310679,-1.2045659,1235
2007,2,4.120327,28.146887,0.04188525,45.6167,291.58762,0.006775862,-96.873955,21.140865,587.75543,-0.09436885,12.711023,6.2762485,0.00085094746,-0.34309685,6.228599,1.0585935,1965
2007,3,4.4264216,17.636396,0.023704836,37.4536,295.2515,0.0067858463,-111.13291,19.521141,571.6696,0.16737129,-3.392559,2.2269986,0.00014501986,-0.869667,-0.41041887,0.21281113,16841
2007,4,4.32654,38.389126,0.053318225,33.862885,300.75137,0.008202731,-116.643074,19.859905,567.8589,-0.15491599,1.6348984,-1.2934626,5.023901e-05,0.72115576,-4.382155,-0.591888,5994
2007,5,4.863228,58.69649,0.07889314,40.829384,302.0013,0.010712794,-103.81675,21.272532,572.4927,-0.21928531,-3.039878,0.6152332,0.00023557802,0.013976007,0.21452194,-0.5543276,1331
2007,6,5.5303025,187.57222,0.260517,57.43983,300.92365,0.014704056,-73.517784,28.52243,610.1546,-0.005162956,28.098438,1.4070804,0.000569262,0.043168783,3.5618067,1.1443393,602
2007,7,5.6986327,286.83676,0.3855333,72.967026,298.7458,0.016620679,-56.43044,33.8875,700.33026,0.024753688,11.932817,1.3345668,0.00019483852,-0.1620238,0.22159618,0.30832848,23
2007,8,4.9827433,264.2535,0.35517943,76.21433,298.0941,0.016707879,-50.937637,36.46196,767.5261,-0.21793222,8.113281,0.28893608,7.3577605e-05,0.0139930295,0.22269762,0.46189258,13
2007,9,4.234853,218.6099,0.30362487,73.6013,297.48743,0.015669161,-52.972897,36.768497,789.16583,-0.036052696,38.343376,1.4304651,0.00034233683,0.058714613,3.3002837,1.0589601,6
2007,10,3.4739835,69.53896,0.09346635,54.692196,295.3335,0.01029418,-79.70427,31.935913,747.44086,-0.014285529,-9.973365,-4.683292,-0.0013266845,-0.62580514,-6.1516104,-0.09857729,122
2007,11,3.3506186,17.003048,0.023615345,49.08997,293.06696,0.00819289,-90.93734,26.96784,694.96533,-0.28369397,-7.9042583,-2.9948254,-0.0003976292,0.16832924,-5.4675426,0.15914848,541
2007,12,4.1352797,12.971605,0.017434953,46.888775,289.70096,0.006526502,-91.571754,22.40312,649.004,0.2610978,3.4679782,-0.27241,-4.87145e-05,-0.31489787,1.095322,-0.1190843,335
2008,1,4.331613,15.203809,0.020435229,42.407375,288.68167,0.005364995,-96.14389,20.466127,615.6324,0.3137726,2.6693797,-1.2710431,-0.00036731383,-0.42459524,0.3716433,-0.25898713,889
2008,2,4.1478143,10.30245,0.014802371,37.64517,290.2855,0.005337981,-106.29591,20.35459,591.6944,-0.06688223,-5.133412,-1.6952872,-0.00058693305,-1.6452146,-3.193363,0.2723184,1611
2008,3,3.90046,26.343794,0.03540833,34.50165,296.57843,0.006647383,-110.68999,19.176094,571.4286,-0.35859025,5.314839,-0.7249538,6.556333e-06,0.45727447,0.03250124,-0.13223565,8113
2008,4,4.2676067,31.528952,0.04379021,35.449875,299.39194,0.007981346,-114.28908,21.021936,571.5528,-0.2138497,-5.2252765,0.29352564,-0.00017114573,-0.638267,-2.0281496,0.570147,9319
2008,5,5.2629037,46.093014,0.061952975,40.279762,301.59195,0.010389868,-104.80427,20.502005,567.69836,0.1803906,-15.643357,0.06561153,-8.7345754e-05,-0.39538756,-0.77299064,-1.3248578,2681
2008,6,5.45019,195.27724,0.27121836,64.0625,299.54312,0.015311593,-66.326935,29.307152,616.00806,-0.085275866,35.80344,8.029749,0.001176799,-1.3373488,10.752665,1.9290628,66
2008,7,5.3185277,255.47931,0.34338614,73.50584,298.47382,0.016503526,-55.698704,33.691277,707.21515,-0.35535163,-19.424643,1.8733723,7.7685334e-05,-0.43396723,0.9533379,0.1121038,14
2008,8,4.982393,272.20996,0.3658736,77.77458,297.64752,0.016723992,-49.778652,37.005043,774.70483,-0.21828231,16.06975,1.8491862,8.969283e-05,-0.43259278,1.3816816,1.0049716,6
2008,9,4.1658635,168.03285,0.23337896,72.860115,297.01492,0.015233658,-57.56025,35.848587,779.58545,-0.105042055,-12.233684,0.6892796,-9.316389e-05,-0.4137986,-1.2870648,0.13904835,10
2008,10,3.2683349,57.340855,0.07707104,59.720474,295.99716,0.011722915,-76.17742,31.315315,732.7181,-0.21993425,-22.171474,0.34498784,0.000102050006,0.03783424,-2.6247509,-0.719175,79
2008,11,3.7257204,27.294964,0.037909675,51.540104,292.88855,0.008508753,-88.57152,25.64137,679.7509,0.091407925,2.3876612,-0.5446935,-8.17665e-05,-0.010030846,-3.1017172,-1.1673208,180
2008,12,3.584408,9.354902,0.012573795,50.146053,291.03406,0.0072876215,-87.94917,23.131998,647.117,-0.2897737,-0.14872274,2.9848702,0.000712405,1.018215,4.717896,0.609794,388
2009,1,3.9899092,15.054598,0.020234674,47.06944,290.28897,0.006472998,-92.32558,21.305265,614.187,-0.027931256,2.5201678,3.3910236,0.00074068835,1.1826868,4.189958,0.5801506,1114
2009,2,4.227816,11.5219555,0.017145766,35.644104,292.88794,0.0056021907,-108.971275,19.555044,585.364,0.013119705,-3.9139078,-3.6963513,-0.0003227234,0.957225,-5.868729,-0.5272263,6865
2009,3,4.1248555,18.046051,0.024255443,31.079813,296.69467,0.0059911082,-114.27977,18.710049,563.10565,-0.13419467,-2.9829054,-4.146791,-0.00064971845,0.57353085,-3.5572886,-0.598282,21353
2009,4,4.7050557,27.776926,0.03857906,30.870075,300.16022,0.007081823,-119.0963,20.026203,560.2889,0.22359987,-8.977302,-4.2862706,-0.0010706692,0.12997586,-6.8353677,-0.42558843,7795
2009,5,4.994114,63.305977,0.08508868,39.895447,301.99173,0.0104982,-103.231735,21.924335,564.44415,-0.08839904,1.569608,-0.31870276,2.0985211e-05,0.004368713,0.79953945,0.09747372,1777
2009,6,5.4467926,105.36246,0.14633675,49.48302,301.46774,0.012683388,-87.74706,24.788853,585.1124,-0.08867359,-54.111343,-6.549724,-0.0014514067,0.58723533,-10.667467,-2.5892372,799
2009,7,5.9967384,285.59717,0.3838671,69.27908,299.20667,0.016236499,-58.862083,33.194942,671.33044,0.32285956,10.69319,-2.3533802,-0.00018934345,0.2988842,-2.2100475,-0.38422945,37
2009,8,4.9840403,222.86322,0.29954734,71.86179,298.6265,0.01631907,-56.264713,32.71304,721.78284,-0.21663441,-33.27701,-4.0635996,-0.00031523072,0.5463852,-5.1043787,-3.2870336,21
2009,9,4.2922173,157.34914,0.21854046,69.10385,297.81662,0.015098665,-61.091038,34.69798,754.5584,0.021311533,-22.917402,-3.0669765,-0.00022815692,0.3879035,-4.817857,-1.0115609,19
2009,10,3.7884378,73.59852,0.09892274,55.234955,295.81674,0.010727031,-79.66718,30.495045,723.52814,0.30016872,-5.9138155,-4.1405277,-0.00089383556,-0.14254738,-6.114519,-1.539447,100
2009,11,3.7854202,41.497124,0.0576349,55.19651,292.61652,0.009084587,-81.04045,26.279766,672.6222,0.15110764,16.58982,3.1117153,0.00049406785,-0.2820587,4.429355,-0.52892506,86
2009,12,3.6457312,9.518529,0.012793722,50.45692,290.11658,0.0071539017,-86.480896,22.493315,639.0066,-0.2284504,0.01490289,3.2957377,0.00057868543,0.100745656,6.1861763,-0.028888782,189
2010,1,3.8440742,9.141833,0.012287411,41.297337,289.5174,0.0057038786,-98.99795,20.774517,608.4129,-0.17376627,-3.3925965,-2.3810802,-2.8430388e-05,0.41114056,-2.4824023,0.049400263,1028
2010,2,4.14509,16.636429,0.02475659,39.20506,292.1584,0.006003017,-100.519554,19.755526,582.95386,-0.06960603,1.200567,-0.1353951,7.81028e-05,0.2276531,2.5830045,-0.326745,2407
2010,3,4.453858,19.118977,0.025697548,30.6785,298.12247,0.00643144,-115.87281,18.740246,564.0405,0.19480734,-1.9099807,-4.5481033,-0.00020938614,2.0013442,-5.1503243,-0.56808484,20606
2010,4,4.8435526,41.261303,0.05730736,32.43634,301.54593,0.007914798,-115.43831,19.576653,563.0353,0.36209607,4.5070734,-2.720008,-0.0002376941,1.5157433,-3.1773932,-0.87513703,5817
2010,5,5.257326,73.980606,0.0994363,40.757427,302.48892,0.010749994,-101.89206,22.859335,577.948,0.1748133,12.244235,0.54327655,0.00027277792,0.5015497,2.13922,1.032473,804
2010,6,5.3946123,145.69455,0.20235352,53.67969,301.22467,0.01366276,-80.7796,26.64215,603.5352,-0.14085314,-13.779261,-2.3530552,-0.00047203506,0.3441791,-3.700005,-0.7359383,105
2010,7,5.236856,305.54117,0.4106736,72.7239,298.8691,0.016673842,-55.203407,34.620907,684.2838,-0.43702295,30.637205,1.0914416,0.00024800023,-0.038696557,1.4486272,1.041732,3
2010,8,4.5166025,309.7645,0.4163501,78.33597,298.09305,0.01716742,-47.34682,38.330112,779.8823,-0.6840722,53.624245,2.4105833,0.0005331185,0.01293728,3.8135138,2.3300438,3
2010,9,4.1591783,225.05637,0.31257826,76.16946,296.96536,0.015767992,-51.134377,38.740223,816.84265,-0.11172735,44.789814,3.9986236,0.00044116832,-0.46337414,5.138804,3.0306876,4
2010,10,3.6136272,85.64987,0.11512079,65.172844,295.87283,0.0128919305,-67.24159,33.901917,772.61755,0.12535797,6.137539,5.797362,0.001271065,-0.08648562,6.3110743,1.8674239,17
2010,11,3.4714766,52.90102,0.07347365,63.62721,293.16614,0.010957061,-70.50599,30.07915,734.012,-0.16283607,27.993717,11.542412,0.0023665421,0.26749536,14.96382,3.2704575,29
2010,12,3.6857803,15.681309,0.021077031,51.66406,289.1293,0.0070788427,-89.94654,24.939072,691.3716,-0.18840142,6.177684,4.502878,0.0005036265,-0.8865534,2.7205288,2.4168684,285
2011,1,4.025456,8.983452,0.012074532,44.07888,287.96878,0.00549486,-98.039406,21.882053,651.63824,0.007615451,-3.5509784,0.4004587,-0.00023744919,-1.1375066,-1.5238703,1.156937,669
2011,2,4.1496058,19.41428,0.028890297,43.452057,291.3568,0.0063606207,-98.65617,20.421555,617.50104,-0.06509031,3.9784162,4.111602,0.0004357063,-0.57390285,4.446376,0.33928353,1825
2011,3,4.4430776,16.83206,0.022623736,33.209553,296.12314,0.006202692,-114.52869,19.255846,592.27655,0.18402676,-4.1968975,-2.017051,-0.00043813413,0.001986747,-3.8061917,-0.05248708,13452
2011,4,4.0099487,42.29339,0.058740813,36.969425,298.89893,0.008287665,-106.55936,21.371107,583.4429,-0.47150755,5.5391564,1.8130791,0.00013517373,-1.1312838,5.7015715,0.9193163,4073
2011,5,4.9288416,59.570324,0.080067635,41.435844,302.04102,0.01100254,-100.747795,22.183525,587.48,-0.15367144,-2.166047,1.2216924,0.0005253247,0.05367963,3.2834847,0.35666302,1386
2011,6,5.9005094,166.3131,0.23099041,57.80257,300.54822,0.014504717,-74.81188,27.444624,621.1434,0.36504328,6.8392935,1.7698232,0.00036992235,-0.33224615,2.2677064,0.06653389,116
2011,7,5.3118625,274.29907,0.36868152,72.92493,298.51538,0.016413618,-55.453648,34.47199,709.5593,-0.36201677,-0.6048918,1.2924677,-1.22237e-05,-0.39242792,1.1983895,0.892812,4
2011,8,4.9173255,309.2538,0.4156637,77.46978,297.8371,0.016835738,-47.878742,37.834354,787.32684,-0.28334957,53.113567,1.5443841,0.00020143873,-0.24299146,3.2815907,1.8342845,2
2011,9,4.7051287,214.51733,0.29794076,76.88375,297.01288,0.016018035,-52.10721,37.944103,809.62103,0.434223,34.250805,4.7129183,0.00069121225,-0.4158375,4.165973,2.2345684,8
2011,10,3.2415946,49.901844,0.06707238,59.821903,295.84506,0.011727053,-73.57233,31.720156,746.5442,-0.24667445,-29.610483,0.44641557,0.00010618713,-0.1142273,-0.019654581,-0.31433666,67
2011,11,3.6638322,20.17709,0.028023737,52.981598,293.14774,0.008785322,-86.732864,25.304201,692.142,0.029519739,-4.7302175,0.89680344,0.00019480303,0.2491482,-1.2630638,-1.5044917,234
2011,12,3.8609211,6.78072,0.009113871,44.565952,290.10284,0.0062907506,-97.45996,21.383247,650.58936,-0.01326062,-2.722906,-2.5952356,-0.00028446503,0.087004066,-4.7928815,-1.1389558,677
2012,1,4.0823736,17.742496,0.023847444,48.395317,288.29376,0.0061041988,-92.724815,21.729324,623.54016,0.06453323,5.2080684,4.7168937,0.00037188927,-0.81252843,3.7907243,1.0042082,559
2012,2,4.568448,11.246379,0.01615859,35.92632,291.10577,0.0051365937,-106.230316,19.455627,594.00256,0.35375166,-4.189483,-3.4141364,-0.0007883205,-0.8249475,-3.127765,-0.6266428,6263
2012,3,4.5500603,13.179677,0.01771462,28.875036,295.69238,0.0052131414,-121.53617,17.856829,568.7867,0.29100972,-7.8492794,-6.351566,-0.0014276857,-0.42877197,-10.813679,-1.4515016,19549
2012,4,4.4409027,50.74198,0.070474975,37.347595,299.7441,0.008578766,-104.72327,21.265568,567.99243,-0.04055316,13.987753,2.191245,0.00042627458,-0.28613037,7.5376487,0.8137769,3887
2012,5,5.1044955,40.998985,0.055106163,37.64555,301.9512,0.009671421,-107.05739,21.090572,572.82434,0.02198261,-20.737385,-2.5685956,-0.00080579374,-0.036128115,-3.026105,-0.7362876,3343
2012,6,6.297563,123.6993,0.17180458,50.46066,301.56418,0.013056,-82.8382,24.68003,594.1798,0.7620972,-35.774498,-5.5720897,-0.0010787948,0.68369544,-5.758611,-2.6980588,975
2012,7,5.7214103,286.35532,0.38488618,69.39164,299.25546,0.016180534,-58.204903,33.01966,677.65283,0.04753202,11.451357,-2.240824,-0.0002453071,0.34770185,-1.552866,-0.55951226,23
2012,8,5.1903353,290.02432,0.38981763,76.04355,298.05548,0.016582645,-49.66752,36.27148,764.7987,-0.010339613,33.884098,0.11815623,-5.165497e-05,-0.024598094,1.492818,0.27140853,20
2012,9,4.426314,207.44955,0.28812438,75.064545,297.13297,0.015647393,-52.488567,37.67019,800.6003,0.15540813,27.183023,2.8937159,0.00032056982,-0.29576033,3.7846122,1.9606533,8
2012,10,3.548108,73.31841,0.09854626,58.645123,295.33835,0.01108507,-75.07375,32.096615,753.21875,0.05983933,-6.1939125,-0.7303619,-0.00053579686,-0.62094504,-1.5210798,0.06212189,43
2012,11,3.862562,31.150084,0.043264005,52.242573,292.20966,0.008322615,-86.509735,26.874222,705.9105,0.22824949,6.2427745,0.15777922,-0.00026790358,-0.68895644,-1.0399332,0.065531254,110
2012,12,4.2917805,9.335019,0.01254707,46.464504,290.04935,0.0065537933,-93.56073,21.87057,658.5073,0.4175986,-0.16860634,-0.69667774,-2.14225e-05,0.03349986,-0.8936513,-0.651635,434
2013,1,4.222956,10.411984,0.013994601,42.41401,288.7253,0.0055666915,-98.39515,20.278526,624.55664,0.20511521,-2.1224465,-1.2644101,-0.00016561778,-0.38096204,-1.8796039,-0.44659084,847
2013,2,4.4449973,27.815058,0.041391455,45.255997,291.50293,0.006706714,-93.82308,21.479916,601.3634,0.23030114,12.379195,5.915545,0.0007818002,-0.4278158,9.279465,1.3976451,2347
2013,3,4.442343,18.735395,0.02518198,34.505043,296.14368,0.0065186257,-110.94714,19.6691,579.52826,0.18329264,-2.2935617,-0.7215619,-0.00012220014,0.022522755,-0.22466405,0.36076733,10752
2013,4,4.5313196,29.880123,0.041500174,37.513557,299.4451,0.008570036,-108.05324,20.058725,568.9525,0.0498633,-6.8741045,2.3572109,0.00041754398,-0.58513284,4.2076893,-0.3930655,6199
2013,5,5.609745,63.980965,0.08599591,38.633747,302.24197,0.010030524,-106.9453,21.363203,577.57196,0.5272321,2.2445948,-1.5804056,-0.00044669092,0.25464028,-2.9140127,-0.46365696,1396
2013,6,5.6549735,243.77373,0.33857462,63.127605,299.89087,0.015303812,-67.18252,31.132006,636.9944,0.11950694,84.29994,7.094857,0.0011690162,-0.98959965,9.8970785,3.7539184,94
2013,7,5.789485,293.20715,0.39409566,74.93194,298.4573,0.016824188,-53.302746,36.00188,737.7963,0.115606196,18.303223,3.299473,0.00039834646,-0.45045814,3.3492901,2.4227085,11
2013,8,5.060262,266.24805,0.35786024,77.98719,297.70114,0.016680596,-48.854862,37.51265,793.05,-0.14041266,10.107805,2.0618012,4.629739e-05,-0.3789548,2.3054712,1.5125759,16
2013,9,4.0906653,158.35492,0.21993741,72.69795,297.41855,0.015463842,-56.004513,35.91469,785.8443,-0.1802406,-21.911604,0.5271217,0.00013702003,-0.010147486,0.26866743,0.20514996,20
2013,10,3.8925726,130.26141,0.17508255,68.93408,295.66135,0.013351104,-63.2742,35.285805,776.9229,0.40430388,50.749084,9.558595,0.001730238,-0.29794973,10.278465,3.2513137,34
2013,11,3.6560903,15.706235,0.021814216,55.602528,291.9633,0.008800643,-84.46788,28.505655,723.0194,0.021777622,-9.201072,3.517734,0.00021012347,-0.93537295,1.0019189,1.6969639,136
2013,12,3.8586743,6.763177,0.009090292,50.834003,289.51053,0.0068774186,-92.70449,23.103733,675.0517,-0.01550728,-2.7404492,3.6728165,0.0003022019,-0.5053194,-0.037416548,0.58153003,393
2014,1,4.164027,16.90101,0.022716414,52.451916,288.7155,0.0068187937,-88.17749,21.531185,640.95526,0.14618658,4.36658,8.773494,0.0010864853,-0.39075336,8.338049,0.80606884,815
2014,2,4.2964644,18.213884,0.02710399,45.52161,290.513,0.0064449613,-95.81017,20.63979,611.86127,0.08176868,2.7780204,6.1811576,0.0005200464,-1.4177176,7.2923784,0.55751705,1408
2014,3,4.242262,25.494759,0.03426715,41.13907,294.77353,0.0073189884,-100.372055,20.864302,592.81824,-0.016788315,4.465803,5.912467,0.00067816215,-1.3476112,10.350432,1.5559689,10722
2014,4,4.303803,22.73538,0.031576917,33.25414,299.8945,0.0076937946,-113.0507,19.52996,576.3728,-0.1776534,-14.018847,-1.9022087,-0.00045869662,-0.13571574,-0.78978103,-0.9218296,8390
2014,5,4.9557176,67.32658,0.0904927,41.16227,301.58725,0.010496869,-100.24814,22.288532,583.569,-0.12679508,5.5902047,0.9481206,1.9654672e-05,-0.40010273,3.7831428,0.46166995,864
2014,6,6.033627,103.583145,0.14386548,49.385815,302.29736,0.0133671975,-85.064735,25.179379,601.9505,0.4981607,-55.89064,-6.6469336,-0.000767597,1.4169247,-7.9851375,-2.19871,853
2014,7,5.9690113,274.30017,0.36868304,66.59411,299.68378,0.015887486,-59.906277,31.905872,668.88153,0.29513204,-0.6037677,-5.0383534,-0.00053835596,0.7759955,-3.2542405,-1.6733006,15
2014,8,5.0607553,241.40451,0.3244684,73.33412,298.29144,0.016226962,-53.75639,35.070404,750.4176,-0.13991942,-14.735713,-2.591274,-0.0004073362,0.21135885,-2.5960565,-0.92966497,6
2014,9,4.635772,190.8796,0.26511052,72.79023,297.2092,0.015236544,-57.11096,35.9724,774.77545,0.36486623,10.613049,0.61940926,-9.027836e-05,-0.21950518,-0.83777463,0.26286232,9
2014,10,3.377621,67.516945,0.09074858,59.83978,296.028,0.011640779,-72.72236,30.565935,726.33777,-0.110648006,-11.995386,0.4642934,1.9912539e-05,0.06868699,0.8303134,-1.468555,56
2014,11,3.7072105,19.895996,0.027633328,48.327656,293.21103,0.008063291,-86.82117,26.328337,681.3963,0.07289796,-5.0113115,-3.7571375,-0.000527228,0.31238282,-1.3513614,-0.4803538,203
2014,12,4.117227,9.38542,0.012614811,42.992947,289.6137,0.0059567364,-94.78105,21.910002,639.9108,0.2430455,-0.11820672,-4.168237,-0.00061848003,-0.40214607,-2.1139798,-0.6122033,503
2015,1,4.1305637,13.259911,0.017822461,48.18076,288.6801,0.0062135905,-93.70386,20.888521,611.4381,0.112723164,0.72547984,4.5023437,0.00048128137,-0.4261509,2.8116822,0.16340405,860
2015,2,4.1393733,14.0599985,0.020922618,39.773296,292.23184,0.006014441,-101.92101,19.707493,586.8208,-0.07532271,-1.3758631,0.43284342,8.9526955e-05,0.30112234,1.1815437,-0.37477642,2094
2015,3,4.2881804,39.536278,0.05314016,42.796593,294.97192,0.007731241,-99.05065,20.482658,574.3347,0.02912979,18.50732,7.569986,0.0010904154,-1.1492068,11.671838,1.1743267,12403
2015,4,4.3782334,48.21079,0.066959426,43.47141,298.58145,0.009590359,-98.89376,22.50414,577.3741,-0.10322264,11.456558,8.315063,0.0014378672,-1.448791,13.367156,2.0523489,2386
2015,5,4.9345574,62.64694,0.084202886,40.212048,302.0896,0.010354774,-103.29522,22.766762,586.5229,-0.14795561,0.9105707,-0.002103441,-0.00012243993,0.102267,0.7360587,0.93990195,1454
2015,6,5.475945,173.5642,0.24106137,57.204277,300.5008,0.0141343735,-75.11721,28.006737,621.03955,-0.059521105,14.090402,1.171531,-4.209582e-07,-0.37969175,1.9623886,0.628646,294
2015,7,5.9079266,249.12563,0.33484623,71.05508,298.97577,0.01637055,-58.116524,32.182034,694.05206,0.23404767,-25.778337,-0.5773895,-5.5292287e-05,0.06798491,-1.4644891,-1.3971379,16
2015,8,5.057434,221.85022,0.29818583,74.75558,298.24554,0.016494574,-53.066727,35.48681,756.35614,-0.14324073,-34.29,-1.1698067,-0.00013972558,0.1654577,-1.9063926,-0.513262,9
2015,9,4.1954637,140.63101,0.19532086,67.35232,297.71835,0.014469963,-61.812023,33.513084,749.26544,-0.075442225,-39.635513,-4.818509,-0.0008568602,0.28965724,-5.5388436,-2.1964538,26
2015,10,3.274534,45.984573,0.061807226,53.40845,296.9195,0.010936257,-77.5303,29.061615,706.2458,-0.21373487,-33.527756,-5.967028,-0.00068460807,0.9601841,-3.97763,-2.9728773,44
2015,11,3.7786047,39.35785,0.054663684,51.882393,293.90396,0.008933499,-80.152466,25.720716,662.2677,0.14429197,14.450544,-0.20240346,0.00034297988,1.005361,5.3173356,-1.0879759,139
2015,12,3.877959,10.7539425,0.014454223,44.339878,290.7702,0.0064075645,-93.31849,21.903034,629.5375,0.003777327,1.2503166,-2.82131,-0.00016765199,0.7543569,-0.651422,-0.619168,533
2016,1,3.6081836,9.17249,0.012328617,40.066334,290.20288,0.0055154953,-97.767586,20.189146,599.2541,-0.4096573,-3.3619401,-3.6120853,-0.0002168133,1.0966082,-1.2520449,-0.5359707,1015
2016,2,4.1327567,10.510027,0.015100613,36.919056,293.2525,0.0061681475,-104.3872,18.919487,577.21265,-0.08193933,-4.925836,-2.4213972,0.00024323346,1.3217646,-1.2846464,-1.1627842,2652
2016,3,4.1511703,25.169277,0.033829678,36.469112,297.18756,0.007268675,-106.03588,19.49667,564.57404,-0.10788002,4.1403236,1.2425042,0.0006278493,1.0664079,4.686603,0.18833873,12294
2016,4,4.976566,32.102787,0.044587206,34.546406,301.07864,0.008303254,-111.99268,19.82357,564.56885,0.4951098,-4.6514397,-0.60994035,0.000150762,1.0484216,0.26824102,-0.6282194,9630
2016,5,5.110859,76.47113,0.10278377,41.751236,302.35703,0.011136118,-100.00994,22.521423,575.8103,0.02834565,14.734759,1.5370839,0.00065890356,0.3696876,4.021337,0.6945622,1249
2016,6,5.1135297,150.67754,0.20927435,56.619823,301.21786,0.014406911,-75.822815,27.744297,608.6672,-0.42193663,-8.79626,0.58707845,0.000272117,0.33737507,1.2567862,0.36620858,213
2016,7,5.4591775,336.75833,0.45263216,74.5739,298.64417,0.016845535,-52.89757,35.559715,716.9733,-0.214701,61.854374,2.9414315,0.00041969647,-0.26364604,3.7544641,1.9805382,10
2016,8,5.2532663,244.43135,0.32853672,77.13093,297.94888,0.016752442,-50.23669,36.562077,786.5442,0.052591186,-11.708875,1.2055386,0.00011814317,-0.13120253,0.923641,0.5620098,9
2016,9,4.3970246,187.55016,0.2604863,73.56039,297.27527,0.01543029,-54.837772,36.073284,786.9352,0.1261188,7.283609,1.3895621,0.00010346805,-0.15345,1.4354091,0.36374784,26
2016,10,3.574029,55.966934,0.07522438,58.82027,295.97958,0.011515499,-75.11699,32.824017,756.39325,0.08576017,-23.545391,-0.5552109,-0.00010536743,0.020326078,-1.5643176,0.789524,146
2016,11,3.6191967,11.912555,0.016545214,45.93909,292.93912,0.0074894405,-94.40622,25.264196,687.65607,-0.015116073,-12.994753,-6.145708,-0.0011010792,0.040499102,-8.9364195,-1.5444928,532
2016,12,3.8350134,8.034109,0.010798533,42.04293,291.0944,0.006177856,-99.353455,21.18465,644.9399,-0.039168254,-1.4695168,-5.118252,-0.00039736033,1.0785856,-6.686375,-1.3375533,1127
2017,1,4.0019364,15.575547,0.020934876,44.936752,289.45856,0.0058438284,-94.988945,19.677794,613.1319,-0.015904378,3.041117,1.2583312,0.00011151918,0.35224912,1.5265844,-1.0473219,967
2017,2,4.2295265,9.927079,0.014772438,35.562706,292.73108,0.005430353,-109.14573,19.596067,588.72125,0.014829909,-5.5087824,-3.777749,-0.00049456133,0.80038536,-6.043177,-0.48620176,3977
2017,3,4.303922,19.178015,0.0257769,35.87052,295.82727,0.006466307,-111.44922,18.91156,567.9202,0.044871382,-1.8509436,0.6439163,-0.00017451923,-0.29386714,-0.72672963,-0.39677015,8193
2017,4,5.0406094,35.145363,0.048813004,33.575867,300.76492,0.007814569,-119.346634,19.43416,567.7079,0.559153,-1.6088642,-1.5804768,-0.00033792155,0.7347341,-7.0857124,-1.0176313,11408
2017,5,4.695615,66.074326,0.08880958,40.750202,302.48895,0.01077646,-101.44849,22.10139,573.91565,-0.38689795,4.3379574,0.5360541,0.00029924416,0.5015908,2.5828001,0.27452797,1143
2017,6,5.1972766,170.6993,0.23708238,58.458652,300.75903,0.014743135,-73.29837,28.452219,610.4741,-0.33818966,11.225521,2.4259036,0.0006083411,-0.121466726,3.7812262,1.0741286,126
2017,7,5.791306,313.63135,0.4215475,74.157684,298.63235,0.01670979,-53.72781,34.556305,707.24286,0.11742679,38.72739,2.52522,0.0002839487,-0.27544144,2.9242258,0.97713,10
2017,8,4.9270263,244.9015,0.3291687,76.07196,298.10437,0.016705252,-51.27441,36.119156,765.11896,-0.273649,-11.238708,0.14657325,7.0952825e-05,0.024270026,-0.114074714,0.11908565,10
2017,9,3.7347171,173.89772,0.24152462,71.59207,297.72543,0.01544363,-55.2669,36.545883,781.7722,-0.5361887,-6.3688006,-0.578753,0.00011680573,0.2967123,1.006278,0.83634615,4
2017,10,3.2568035,98.29733,0.13212006,57.68296,296.83698,0.011803002,-72.06591,33.04722,764.92554,-0.23146547,18.785002,-1.6925232,0.00018213622,0.87770367,1.4867501,1.0127271,91
2017,11,3.5429542,17.347332,0.024093516,50.787395,292.90155,0.008404202,-86.1454,26.983541,705.4692,-0.09135842,-7.559975,-1.2973993,-0.00018631747,0.002910165,-0.67559034,0.17485031,180
2017,12,3.9723706,10.272527,0.013807162,46.395775,290.356,0.0065528387,-89.90358,22.998333,661.8016,0.09818882,0.7689014,-0.7654064,-2.2377553e-05,0.34015357,2.7634869,0.47612995,353
2018,1,3.6931627,7.114383,0.009562342,36.405216,289.6761,0.004939251,-102.631355,20.366684,625.0586,-0.3246782,-5.420047,-7.273204,-0.0007930577,0.5698335,-6.11582,-0.3584316,1158
2018,2,3.9585998,14.197681,0.021127502,36.14429,292.8005,0.0056325505,-101.403854,20.193281,596.9658,-0.2560964,-1.2381808,-3.1961632,-0.00029236378,0.8697849,1.6986966,0.11101077,3169
2018,3,4.0793056,15.094184,0.020287883,31.540264,297.10364,0.006225319,-113.65268,18.536392,575.2824,-0.17974512,-5.934771,-3.6863396,-0.0004155075,0.98249954,-2.93019,-0.7719397,17728
2018,4,4.3364487,33.47122,0.046487805,36.29576,300.1377,0.0085257,-111.01697,20.81055,571.44684,-0.14500742,-3.2830102,1.1394148,0.0003732081,0.10747375,1.2439461,0.35875946,3364
2018,5,4.763578,69.66387,0.09363424,41.330997,301.84106,0.010548092,-103.027,22.552727,580.7642,-0.31893542,7.927503,1.1168491,7.0876624e-05,-0.14625992,1.0042787,0.7258659,2926
2018,6,5.6764297,171.81349,0.23862986,56.91679,301.01477,0.014527061,-74.70604,27.798964,617.3518,0.14096348,12.339707,0.88404185,0.00039226594,0.13428135,2.3735602,0.4208741,130
2018,7,5.8685956,297.6074,0.40000993,72.8462,298.8184,0.016656078,-53.517548,34.708786,703.4715,0.1947173,22.703457,1.2137371,0.00023023793,-0.089435115,3.134493,1.1296115,11
2018,8,5.6875625,272.9078,0.36681154,76.364174,297.96848,0.016602278,-49.670403,36.395836,781.76373,0.48688734,16.76757,0.43878418,-3.2022563e-05,-0.111596026,1.4899318,0.3957696,12
2018,9,4.4362683,143.55818,0.19938637,71.42659,297.17682,0.014884562,-58.175774,35.20343,780.1913,0.1653624,-36.708344,-0.74424154,-0.00044226088,-0.25190184,-1.9025936,-0.5061076,20
2018,10,3.4482362,46.5714,0.06259597,53.583996,296.1453,0.010486443,-79.202545,30.19111,725.39557,-0.040032666,-32.94093,-5.7914915,-0.0011344237,0.18596317,-5.6498804,-1.8433838,55
2018,11,3.624803,16.995035,0.023604216,48.411793,293.48453,0.008072579,-87.74949,24.171041,666.80817,-0.009509689,-7.912272,-3.6730022,-0.00051793957,0.5859282,-2.27968,-2.6376479,98
2018,12,3.7965708,10.055267,0.013515144,45.474255,289.5714,0.0062434957,-93.93897,21.684498,630.87756,-0.07761069,0.5516407,-1.6869305,-0.00033172022,-0.44443527,-1.2719066,-0.8377056,357
2019,1,4.019918,14.414572,0.019374425,40.864326,288.70798,0.005047751,-99.07806,20.58454,603.84216,0.002077282,1.8801413,-2.8140926,-0.0006845579,-0.3982873,-2.5625162,-0.14057852,1050
2019,2,4.353281,25.819088,0.038421262,42.137466,291.28055,0.0060693757,-96.59154,20.740616,584.797,0.13858488,10.383225,2.7970135,0.00014446152,-0.6501803,6.5110216,0.658347,2225
2019,3,4.288932,15.112104,0.020311967,37.442673,295.14178,0.006673262,-107.3924,19.43935,569.1199,0.029881628,-5.916852,2.2160711,3.2435535e-05,-0.97937953,3.3300893,0.1310203,9563
2019,4,4.294093,33.69668,0.046800938,35.35709,300.5945,0.0083237,-112.497086,20.789036,564.6996,-0.18736316,-3.057553,0.20074272,0.00017120868,0.56429654,-0.23616411,0.3372458,4975
2019,5,5.0045314,55.957924,0.07521226,38.420185,302.02563,0.009909156,-107.456184,21.56065,568.10846,-0.07798181,-5.7784467,-1.7939664,-0.00056805863,0.038298853,-3.4249077,-0.26621222,2489
2019,6,5.2031956,127.11227,0.17654482,50.669373,302.0842,0.013540384,-82.40117,26.349123,588.45996,-0.33227032,-32.361526,-5.3633757,-0.0005944099,1.2037221,-5.3215756,-1.0289657,558
2019,7,5.749451,274.74698,0.36928353,70.499115,299.3485,0.016613504,-56.938293,32.488937,665.95026,0.075572066,-0.15699837,-1.1333506,0.00018766336,0.44071835,-0.28625408,-1.0902368,35
2019,8,5.361184,286.97757,0.38572258,77.31772,298.15265,0.017052297,-49.12831,36.649868,757.9968,0.16050918,30.837358,1.3923304,0.00041799733,0.07252802,2.032023,0.6497906,6
2019,9,4.385901,271.93976,0.3776941,77.45425,297.5059,0.01660531,-48.44912,37.827095,793.9403,0.11499497,91.67321,5.28342,0.0012784865,0.07715509,7.8240585,2.1175554,9
2019,10,3.241524,105.24425,0.14145732,70.0401,295.20383,0.013191603,-59.53366,36.19317,789.59436,-0.24674495,25.731913,10.664613,0.0015707364,-0.7554699,14.019007,4.1586785,32
2019,11,3.5845215,21.50859,0.029873041,67.17305,292.51874,0.010860483,-70.30025,31.690443,740.4782,-0.04979099,-3.398718,15.08825,0.0022699637,-0.37986752,15.169558,4.8817515,39
2019,12,3.9038422,14.918144,0.02005127,62.76895,288.27817,0.008164006,-79.62629,26.450602,693.9934,0.029660434,5.414519,15.607765,0.00158879,-1.7376606,13.040785,3.928398,177
2020,1,4.042666,21.3001,0.028629167,59.56746,287.566,0.0072369035,-82.37158,24.55017,663.8004,0.024825616,8.76567,15.889043,0.0015045947,-1.5402726,14.143957,3.825054,369
2020,2,4.1005006,12.509569,0.017973518,46.03613,290.517,0.0065053515,-97.600876,21.376678,628.97986,-0.11419539,-2.9262931,6.695677,0.000580437,-1.4137187,5.501683,1.2944062,975
2020,3,4.017742,32.283398,0.04339166,47.02266,294.43945,0.00828037,-94.798,21.485195,606.6347,-0.24130847,11.25444,11.796056,0.0016395443,-1.6816764,15.924497,2.1768656,8970
2020,4,4.1621084,39.408733,0.054734353,40.072445,299.15088,0.00891069,-103.41331,21.547256,595.3364,-0.31934762,2.654508,4.9160995,0.00075819745,-0.8793561,8.847612,1.0954658,4114
2020,5,4.6208353,68.10482,0.09153874,42.4946,301.55548,0.010842721,-100.62163,23.107553,599.84753,-0.46167833,6.368451,2.2804496,0.00036550665,-0.43188107,3.4096425,1.2806917,803
2020,6,4.8459454,199.9049,0.2776457,63.814945,299.66376,0.015253913,-67.38345,30.40478,645.9375,-0.6895212,40.431107,7.782199,0.0011191183,-1.216732,9.696137,3.0266905,48
2020,7,4.6806083,271.53018,0.3649599,74.31412,298.80304,0.016979923,-53.24547,35.969448,730.69714,-0.99327105,-3.3737729,2.6816564,0.0005540816,-0.104715906,3.4065723,2.3902714,14
2020,8,5.331374,298.2801,0.40091407,79.11366,298.25217,0.017580295,-47.214237,37.928623,788.0577,0.13069904,42.139843,3.1882741,0.0009459929,0.17206588,3.9460967,1.9285523,13
2020,9,3.9033937,202.92508,0.28184038,74.53934,297.77274,0.016184065,-50.84642,37.893448,805.849,-0.36751235,22.658546,2.3685093,0.000857243,0.34403527,5.4267583,2.183908,12
2020,10,3.5081646,92.75278,0.12466771,61.433376,296.45972,0.012475399,-67.90946,33.961292,777.39465,0.01989587,13.240445,2.05789,0.0008545328,0.50044674,5.6432023,1.9268004,248
2020,11,3.903658,26.395636,0.036660604,56.27697,292.24103,0.009052709,-80.57515,28.465145,717.1263,0.26934505,1.4883277,4.1921773,0.0004621895,-0.65757835,4.8946505,1.6564535,290
2020,12,3.8672175,14.8290825,0.019931562,53.636383,289.49612,0.007227156,-87.642204,24.011562,676.9163,-0.006964272,5.3254557,6.4751987,0.0006519398,-0.5197159,5.0248685,1.4893578,565
2021,1,3.8984442,13.44556,0.01807199,49.73349,289.55154,0.0069434,-90.03195,21.947414,643.531,-0.1193965,0.9111309,6.0550656,0.0012110908,0.4452796,6.4835877,1.222299,864
2021,2,3.8236246,7.9240847,0.011791793,37.31924,292.3577,0.005667095,-104.759544,19.930517,610.90857,-0.3910716,-7.511777,-2.0212183,-0.00025781966,0.42694318,-1.6569963,-0.15175259,3328
2021,3,4.2093425,15.767325,0.02119264,33.123577,297.14694,0.006357533,-112.27619,18.75731,585.18243,-0.04970773,-5.2616305,-2.1030245,-0.00028329378,1.0258089,-1.5537032,-0.5510192,23229
2021,4,4.2418995,29.897213,0.041523904,32.94651,299.71472,0.0074457657,-114.80166,19.92797,575.8981,-0.23955633,-6.8570175,-2.2098348,-0.00070672575,-0.31548157,-2.5407372,-0.5238203,9735
2021,5,4.779173,85.08694,0.114364155,48.747032,300.28815,0.011879284,-88.96217,23.99934,587.50696,-0.30334,23.350565,8.532881,0.0014020687,-1.6992303,15.0691,2.1724768,494
2021,6,5.195679,170.91698,0.23738468,63.748615,299.5527,0.015177918,-69.841965,29.373264,636.7174,-0.33978632,11.443179,7.7158675,0.0010431231,-1.327785,7.237629,1.9951746,61
2021,7,5.4679885,281.06012,0.377769,72.97978,299.0525,0.016863955,-54.835953,34.509327,710.0901,-0.20589021,6.1561675,1.3473221,0.00043811445,0.14471577,1.816083,0.93015355,13
2021,8,4.9684443,211.70798,0.28455377,75.76761,298.09174,0.01658869,-52.22567,35.255062,770.2738,-0.23223087,-44.432243,-0.15779227,-4.5610326e-05,0.0116289165,-1.0653346,-0.7450063,12
2021,9,4.541418,238.71329,0.33154625,77.730354,297.4678,0.016622387,-47.565746,38.292713,803.9517,0.27051216,58.446754,5.5595255,0.0012955648,0.039072786,8.7074375,2.5831728,17
2021,10,3.536058,100.623085,0.13524608,68.29871,295.8672,0.013394257,-62.615585,36.161537,790.6969,0.047788765,21.110752,8.923236,0.0017733916,-0.09213964,10.937082,4.1270437,79
2021,11,3.7017996,55.005573,0.07639664,61.326805,292.18915,0.009948199,-75.04348,30.717676,742.2941,0.067487106,30.098265,9.24201,0.001357679,-0.7094883,10.426328,3.9089835,98
2021,12,3.7094097,13.204947,0.017748587,58.503544,289.0595,0.007852218,-80.3597,26.441132,700.92773,-0.16477217,3.7013218,11.3423605,0.0012770022,-0.9563313,12.307365,3.918928,186
2022,1,3.849593,25.19608,0.033865698,60.158104,287.67828,0.00727069,-82.28869,25.8023,669.4088,-0.16824773,12.661649,16.479687,0.001538381,-1.4279788,14.226843,5.0771823,384
2022,2,4.0897026,16.404331,0.024411207,46.075424,290.43466,0.006397788,-98.5921,22.392807,635.31946,-0.12499363,0.9684701,6.7349677,0.00047287415,-1.4960452,4.510453,2.3105376,1123
2022,3,4.171037,10.548286,0.014177804,34.465458,297.33713,0.006938955,-110.48554,19.834883,603.203,-0.08801333,-10.48067,-0.76114744,0.0002981287,1.2159779,0.23694268,0.5265506,15285
2022,4,4.414653,30.23292,0.04199017,33.540966,301.42984,0.008134718,-115.24173,19.993584,588.03046,-0.06680291,-6.5213084,-1.6153829,-1.7773484e-05,1.3996086,-2.9808142,-0.45820567,3758
2022,5,5.162467,66.92732,0.08995608,43.95411,301.78287,0.011291063,-98.80142,22.08131,594.18176,0.079953656,5.1909537,3.739959,0.00081384886,-0.20443322,5.2298646,0.2544497,1285
2022,6,5.102046,149.62334,0.20781016,54.730885,300.82568,0.013640401,-78.84006,27.136631,621.4701,-0.43342006,-9.850466,-1.3018638,-0.0004943926,-0.054801535,-1.7604619,-0.24145862,585
2022,7,5.22219,320.04364,0.43016618,75.39968,298.67386,0.017079452,-51.512608,35.950386,721.41797,-0.45168942,45.139664,3.7672155,0.0006536108,-0.2339169,5.139426,2.37121,7
2022,8,5.129266,274.63895,0.3691384,78.820114,297.84595,0.01702051,-48.50518,37.68443,787.56555,-0.0714092,18.498732,2.8947291,0.00038621176,-0.23415579,2.6551542,1.6843622,6
2022,9,4.1905856,194.54497,0.27020133,76.69838,297.3904,0.016258957,-50.995697,37.299305,798.48676,-0.080320284,14.278414,4.5275426,0.0009321335,-0.038294856,5.2774844,1.5897725,10
2022,10,3.609333,113.799484,0.15295628,67.26755,295.14062,0.012610592,-67.4086,35.702595,791.7727,0.121064045,34.287148,7.8920617,0.0009897276,-0.8186933,6.144067,3.6681,32
2022,11,3.5063124,18.400887,0.025556786,58.37555,292.01816,0.0090482095,-82.750626,29.366846,731.90875,-0.12800033,-6.5064216,6.2907586,0.00045768957,-0.88046235,2.7191818,2.5581563,118
2022,12,3.8340201,14.051119,0.01888591,53.895958,290.24402,0.007735775,-86.90567,23.903679,685.65845,-0.040161397,4.5474916,6.7347713,0.0011605588,0.22818717,5.7614,1.3814744,114
